,antecedents,consequents,antecedent support,consequent support,support,confidence,lift,leverage,conviction
0,frozenset({'Gender = M'}),frozenset({'Product_Category_1 = 1'}),0.7171957222882362,0.9782719402478357,0.7083686980139196,0.9876923076923078,1.0096295999679654,0.006756247233558721,1.7654048548633585
1,frozenset({'Product_Category_1 = 1'}),frozenset({'Gender = M'}),0.9782719402478357,0.7171957222882362,0.7083686980139196,0.724102030192608,1.0096295999679654,0.006756247233558721,1.02503210846094
2,frozenset({'Product_Category_1 = 5'}),frozenset({'Gender = M'}),0.9753861823120014,0.7171957222882362,0.6973349176710236,0.7149321266968326,0.9968438244665186,-0.0022078798621975038,0.992059450385711
3,frozenset({'Gender = M'}),frozenset({'Product_Category_1 = 5'}),0.7171957222882362,0.9753861823120014,0.6973349176710236,0.9723076923076924,0.9968438244665186,-0.0022078798621975038,0.8888323053999547
4,frozenset({'Gender = M'}),frozenset({'Product_Category_1 = 8'}),0.7171957222882362,0.9601086402987609,0.6864708877949415,0.9571597633136096,0.9969286007214416,-0.0021149219593047386,0.9311657167830719
5,frozenset({'Product_Category_1 = 8'}),frozenset({'Gender = M'}),0.9601086402987609,0.7171957222882362,0.6864708877949415,0.714992927864215,0.9969286007214416,-0.0021149219593047386,0.9922710885469824
6,frozenset({'Product_Category_1 = 2'}),frozenset({'Product_Category_1 = 1'}),0.7270412493634357,0.9782719402478357,0.7194024783568155,0.9894933457856643,1.0114706402955662,0.008158424701836697,2.068028442633776
7,frozenset({'Product_Category_1 = 1'}),frozenset({'Product_Category_1 = 2'}),0.9782719402478357,0.7270412493634357,0.7194024783568155,0.7353808780149228,1.0114706402955662,0.008158424701836697,1.0315155933891935
8,frozenset({'Product_Category_1 = 3'}),frozenset({'Product_Category_1 = 1'}),0.6472585299609573,0.9782719402478357,0.6379222542861993,0.9855756622082351,1.0074659424030388,0.004727396339331724,1.5063471242727855
9,frozenset({'Product_Category_1 = 5'}),frozenset({'Product_Category_1 = 1'}),0.9753861823120014,0.9782719402478357,0.9546766253607197,0.9787678384963453,1.0005069124730124,0.0004836922994289061,1.0233559945568536
10,frozenset({'Product_Category_1 = 1'}),frozenset({'Product_Category_1 = 5'}),0.9782719402478357,0.9753861823120014,0.9546766253607197,0.9758806177338192,1.0005069124730124,0.0004836922994289061,1.0204995060139286
11,frozenset({'Product_Category_1 = 6'}),frozenset({'Product_Category_1 = 1'}),0.6900356475980309,0.9782719402478357,0.6818876251909692,0.9881918819188191,1.0101402700648556,0.006845113375071654,1.8400950602614041
12,frozenset({'Product_Category_1 = 8'}),frozenset({'Product_Category_1 = 1'}),0.9601086402987609,0.9782719402478357,0.9399083347479206,0.9789603960396039,1.0007037468452726,0.0006609923541404106,1.0327218988087492
13,frozenset({'Product_Category_1 = 1'}),frozenset({'Product_Category_1 = 8'}),0.9782719402478357,0.9601086402987609,0.9399083347479206,0.9607843137254902,1.0007037468452729,0.0006609923541404106,1.0172296723815988
14,frozenset({'Product_Category_1 = 11'}),frozenset({'Product_Category_1 = 1'}),0.6046511627906976,0.9782719402478357,0.6000679001867255,0.9924199887703538,1.014462285935477,0.008554633990359828,2.866494401378128
15,frozenset({'Product_Category_1 = 2'}),frozenset({'Product_Category_1 = 5'}),0.7270412493634357,0.9753861823120014,0.7168562213546087,0.985991127714219,1.0108725606272997,0.0077102327546593186,1.7570163526283074
16,frozenset({'Product_Category_1 = 5'}),frozenset({'Product_Category_1 = 2'}),0.9753861823120014,0.7270412493634357,0.7168562213546087,0.7349460494256874,1.0108725606272997,0.0077102327546593186,1.029823362546092
17,frozenset({'Product_Category_1 = 2'}),frozenset({'Product_Category_1 = 8'}),0.7270412493634357,0.9601086402987609,0.7068409438125954,0.972215736633201,1.0126101316312213,0.008802358445154868,1.4357537277345154
18,frozenset({'Product_Category_1 = 8'}),frozenset({'Product_Category_1 = 2'}),0.9601086402987609,0.7270412493634357,0.7068409438125954,0.7362093352192361,1.0126101316312213,0.008802358445154868,1.0347551565686375
19,frozenset({'Product_Category_1 = 3'}),frozenset({'Product_Category_1 = 5'}),0.6472585299609573,0.9753861823120014,0.6426752673569852,0.992918961447679,1.0179752178712629,0.011348240849488933,3.4760180312718085
20,frozenset({'Product_Category_1 = 3'}),frozenset({'Product_Category_1 = 8'}),0.6472585299609573,0.9601086402987609,0.6275674758105585,0.9695777602937321,1.009862550546389,0.006128968687968972,1.3112565046622888
21,frozenset({'Product_Category_1 = 6'}),frozenset({'Product_Category_1 = 5'}),0.6900356475980309,0.9753861823120014,0.6798506195892039,0.985239852398524,1.0101023269195448,0.006799383619370936,1.6675861483619054
22,frozenset({'Product_Category_1 = 5'}),frozenset({'Product_Category_1 = 8'}),0.9753861823120014,0.9601086402987609,0.9392293328806655,0.9629307344239472,1.0029393487431881,0.0027526316148905883,1.0761302950390634
23,frozenset({'Product_Category_1 = 8'}),frozenset({'Product_Category_1 = 5'}),0.9601086402987609,0.9753861823120014,0.9392293328806655,0.9782531824611033,1.0029393487431881,0.0027526316148905883,1.1318353889700845
24,frozenset({'Product_Category_1 = 8'}),frozenset({'Product_Category_1 = 6'}),0.9601086402987609,0.6900356475980309,0.6800203700560177,0.7082743988684582,1.0264316073146587,0.01751118268299734,1.062520228597295
25,frozenset({'Product_Category_1 = 6'}),frozenset({'Product_Category_1 = 8'}),0.6900356475980309,0.9601086402987609,0.6800203700560177,0.9854858548585486,1.0264316073146587,0.01751118268299734,2.748447070941302
26,"frozenset({'Product_Category_1 = 5', 'Gender = M'})",frozenset({'Product_Category_1 = 1'}),0.6973349176710236,0.9782719402478357,0.6890171447971482,0.9880720545277506,1.0100177812290436,0.0068339618845510985,1.8216095808548969
27,"frozenset({'Product_Category_1 = 5', 'Product_Category_1 = 1'})",frozenset({'Gender = M'}),0.9546766253607197,0.7171957222882362,0.6890171447971482,0.721728307254623,1.00631987172473,0.004327152919870847,1.0162883436747343
28,"frozenset({'Gender = M', 'Product_Category_1 = 1'})",frozenset({'Product_Category_1 = 5'}),0.7083686980139196,0.9753861823120014,0.6890171447971482,0.9726815240833931,0.9972270898669108,-0.0019158952279718644,0.9009952737896313
29,frozenset({'Product_Category_1 = 5'}),"frozenset({'Gender = M', 'Product_Category_1 = 1'})",0.9753861823120014,0.7083686980139196,0.6890171447971482,0.7064044552732335,0.9972270898669107,-0.0019158952279718644,0.9933096984066496
30,frozenset({'Gender = M'}),"frozenset({'Product_Category_1 = 5', 'Product_Category_1 = 1'})",0.7171957222882362,0.9546766253607197,0.6890171447971482,0.9607100591715977,1.0063198717247301,0.004327152919870847,1.153561794282888
31,frozenset({'Product_Category_1 = 1'}),"frozenset({'Product_Category_1 = 5', 'Gender = M'})",0.9782719402478357,0.6973349176710236,0.6890171447971482,0.7043206663196251,1.0100177812290436,0.0068339618845510985,1.0236260971020483
32,"frozenset({'Gender = M', 'Product_Category_1 = 8'})",frozenset({'Product_Category_1 = 1'}),0.6864708877949415,0.9782719402478357,0.6786623663215073,0.9886251236399604,1.0105831343680385,0.007107158994695606,1.9101798616902568
33,"frozenset({'Gender = M', 'Product_Category_1 = 1'})",frozenset({'Product_Category_1 = 8'}),0.7083686980139196,0.9601086402987609,0.6786623663215073,0.958063743110472,0.9978701397920422,-0.0014485411588405217,0.9512379659044043
34,"frozenset({'Product_Category_1 = 8', 'Product_Category_1 = 1'})",frozenset({'Gender = M'}),0.9399083347479206,0.7171957222882362,0.6786623663215073,0.7220516525194148,1.0067707183412717,0.00456412929723915,1.01747062098118
35,frozenset({'Gender = M'}),"frozenset({'Product_Category_1 = 8', 'Product_Category_1 = 1'})",0.7171957222882362,0.9399083347479206,0.6786623663215073,0.9462721893491124,1.0067707183412715,0.00456412929723915,1.1184461924671165
36,frozenset({'Product_Category_1 = 8'}),"frozenset({'Gender = M', 'Product_Category_1 = 1'})",0.9601086402987609,0.7083686980139196,0.6786623663215073,0.7068599717114568,0.9978701397920421,-0.0014485411588405217,0.9948532231805008
37,"frozenset({'Product_Category_1 = 5', 'Gender = M'})",frozenset({'Product_Category_1 = 8'}),0.6973349176710236,0.9601086402987609,0.6701748429808182,0.9610516066212268,1.0009821454394707,0.0006575633428433925,1.0242106603293128
38,"frozenset({'Product_Category_1 = 5', 'Product_Category_1 = 8'})",frozenset({'Gender = M'}),0.9392293328806655,0.7171957222882362,0.6701748429808182,0.7135369600578347,0.9948985163788651,-0.0034364168088288904,0.9872278035199927
39,"frozenset({'Gender = M', 'Product_Category_1 = 8'})",frozenset({'Product_Category_1 = 5'}),0.6864708877949415,0.9753861823120014,0.6701748429808182,0.9762611275964391,1.0008970244814868,0.0006006244661800331,1.0368570701069408
40,frozenset({'Gender = M'}),"frozenset({'Product_Category_1 = 5', 'Product_Category_1 = 8'})",0.7171957222882362,0.9392293328806655,0.6701748429808182,0.9344378698224852,0.9948985163788651,-0.0034364168088288904,0.9269172150873232
41,"frozenset({'Product_Category_1 = 2', 'Product_Category_1 = 5'})",frozenset({'Product_Category_1 = 1'}),0.7168562213546087,0.9782719402478357,0.709556951281616,0.9898176651669429,1.011802163022464,0.008276624738310923,2.1338975891485976
42,"frozenset({'Product_Category_1 = 2', 'Product_Category_1 = 1'})",frozenset({'Product_Category_1 = 5'}),0.7194024783568155,0.9753861823120014,0.709556951281616,0.9863142991977347,1.0112038873257667,0.00786171437136951,1.798506195892031
43,"frozenset({'Product_Category_1 = 5', 'Product_Category_1 = 1'})",frozenset({'Product_Category_1 = 2'}),0.9546766253607197,0.7270412493634357,0.709556951281616,0.7432432432432432,1.0222848344492053,0.015467664841289697,1.0631025024792502
44,frozenset({'Product_Category_1 = 2'}),"frozenset({'Product_Category_1 = 5', 'Product_Category_1 = 1'})",0.7270412493634357,0.9546766253607197,0.709556951281616,0.9759514359094092,1.0222848344492053,0.015467664841289697,1.884660326019777
45,frozenset({'Product_Category_1 = 5'}),"frozenset({'Product_Category_1 = 2', 'Product_Category_1 = 1'})",0.9753861823120014,0.7194024783568155,0.709556951281616,0.7274625826662026,1.0112038873257667,0.00786171437136951,1.029574303551557
46,frozenset({'Product_Category_1 = 1'}),"frozenset({'Product_Category_1 = 2', 'Product_Category_1 = 5'})",0.9782719402478357,0.7168562213546087,0.709556951281616,0.7253166753427034,1.011802163022464,0.008276624738310923,1.0308007557380858
47,"frozenset({'Product_Category_1 = 2', 'Product_Category_1 = 8'})",frozenset({'Product_Category_1 = 1'}),0.7068409438125954,0.9782719402478357,0.6998811746732303,0.9901536983669549,1.0121456597396723,0.00839851312307116,2.206722946536888
48,"frozenset({'Product_Category_1 = 2', 'Product_Category_1 = 1'})",frozenset({'Product_Category_1 = 8'}),0.7194024783568155,0.9601086402987609,0.6998811746732303,0.9728645587541292,1.0132859115312192,0.009176639350509497,1.4700833253378358
49,"frozenset({'Product_Category_1 = 8', 'Product_Category_1 = 1'})",frozenset({'Product_Category_1 = 2'}),0.9399083347479206,0.7270412493634357,0.6998811746732303,0.7446270543615676,1.0241881805379396,0.01652904469099581,1.0688632265025857
50,frozenset({'Product_Category_1 = 2'}),"frozenset({'Product_Category_1 = 8', 'Product_Category_1 = 1'})",0.7270412493634357,0.9399083347479206,0.6998811746732303,0.9626430072379173,1.0241881805379394,0.01652904469099581,1.6085787642165987
51,frozenset({'Product_Category_1 = 8'}),"frozenset({'Product_Category_1 = 2', 'Product_Category_1 = 1'})",0.9601086402987609,0.7194024783568155,0.6998811746732303,0.7289603960396038,1.013285911531219,0.009176639350509497,1.0352639154689178
52,frozenset({'Product_Category_1 = 1'}),"frozenset({'Product_Category_1 = 2', 'Product_Category_1 = 8'})",0.9782719402478357,0.7068409438125954,0.6998811746732303,0.7154259934062119,1.012145659739672,0.00839851312307116,1.0301680736634218
53,"frozenset({'Product_Category_1 = 5', 'Product_Category_1 = 3'})",frozenset({'Product_Category_1 = 1'}),0.6426752673569852,0.9782719402478357,0.6336784926158547,0.986001056524036,1.0079007850048753,0.004967311869240265,1.5521214004093327
54,"frozenset({'Product_Category_1 = 1', 'Product_Category_1 = 3'})",frozenset({'Product_Category_1 = 5'}),0.6379222542861993,0.9753861823120014,0.6336784926158547,0.993347525279404,1.0184145964881601,0.01145794039577308,3.699949074859964
55,frozenset({'Product_Category_1 = 3'}),"frozenset({'Product_Category_1 = 5', 'Product_Category_1 = 1'})",0.6472585299609573,0.9546766253607197,0.6336784926158547,0.9790191450301601,1.0254981833877441,0.015755903496787682,2.1602253437447057
56,"frozenset({'Product_Category_1 = 8', 'Product_Category_1 = 3'})",frozenset({'Product_Category_1 = 1'}),0.6275674758105585,0.9782719402478357,0.6190799524698692,0.9864755206924533,1.0083857873328548,0.005148300272237449,1.606572738075018
57,"frozenset({'Product_Category_1 = 1', 'Product_Category_1 = 3'})",frozenset({'Product_Category_1 = 8'}),0.6379222542861993,0.9601086402987609,0.6190799524698692,0.9704630122405534,1.0107845836472948,0.0066052842908260745,1.3505561239392465
58,frozenset({'Product_Category_1 = 3'}),"frozenset({'Product_Category_1 = 8', 'Product_Category_1 = 1'})",0.6472585299609573,0.9399083347479206,0.6190799524698692,0.9564647259375819,1.0176148998552095,0.010716265422878735,1.3802983108805944
59,"frozenset({'Product_Category_1 = 5', 'Product_Category_1 = 1'})",frozenset({'Product_Category_1 = 6'}),0.9546766253607197,0.6900356475980309,0.6725513495162112,0.7044807965860598,1.0209339170205358,0.013790446088724151,1.0488805763590097
60,"frozenset({'Product_Category_1 = 5', 'Product_Category_1 = 6'})",frozenset({'Product_Category_1 = 1'}),0.6798506195892039,0.9782719402478357,0.6725513495162112,0.9892634207240949,1.0112356084479686,0.007472564811987437,2.0237413792422827
61,"frozenset({'Product_Category_1 = 1', 'Product_Category_1 = 6'})",frozenset({'Product_Category_1 = 5'}),0.6818876251909692,0.9753861823120014,0.6725513495162112,0.9863081901916855,1.0111976241592793,0.00744758201539486,1.797703739139846
62,frozenset({'Product_Category_1 = 6'}),"frozenset({'Product_Category_1 = 5', 'Product_Category_1 = 1'})",0.6900356475980309,0.9546766253607197,0.6725513495162112,0.9746617466174662,1.0209339170205358,0.013790446088724151,1.7887331835793627
63,"frozenset({'Product_Category_1 = 5', 'Product_Category_1 = 8'})",frozenset({'Product_Category_1 = 1'}),0.9392293328806655,0.9782719402478357,0.9200475301307078,0.9795770829568046,1.0013341307823245,0.0012258283158589345,1.0639057929975637
64,"frozenset({'Product_Category_1 = 5', 'Product_Category_1 = 1'})",frozenset({'Product_Category_1 = 8'}),0.9546766253607197,0.9601086402987609,0.9200475301307078,0.9637268847795163,1.003768578188849,0.003454253430617671,1.0997500341165123
65,"frozenset({'Product_Category_1 = 8', 'Product_Category_1 = 1'})",frozenset({'Product_Category_1 = 5'}),0.9399083347479206,0.9753861823120014,0.9200475301307078,0.9788694238757449,1.0035711409766819,0.0032739277777029674,1.164843662721779
66,frozenset({'Product_Category_1 = 5'}),"frozenset({'Product_Category_1 = 8', 'Product_Category_1 = 1'})",0.9753861823120014,0.9399083347479206,0.9200475301307078,0.9432648799164636,1.0035711409766817,0.0032739277777029674,1.0591616826332764
67,frozenset({'Product_Category_1 = 8'}),"frozenset({'Product_Category_1 = 5', 'Product_Category_1 = 1'})",0.9601086402987609,0.9546766253607197,0.9200475301307078,0.9582743988684582,1.003768578188849,0.003454253430617671,1.0862246057617324
68,frozenset({'Product_Category_1 = 1'}),"frozenset({'Product_Category_1 = 5', 'Product_Category_1 = 8'})",0.9782719402478357,0.9392293328806655,0.9200475301307078,0.9404823876453235,1.0013341307823245,0.0012258283158589345,1.021053511978789
69,"frozenset({'Product_Category_1 = 8', 'Product_Category_1 = 1'})",frozenset({'Product_Category_1 = 6'}),0.9399083347479206,0.6900356475980309,0.671872347648956,0.7148275239299259,1.0359283993779074,0.023302091198387775,1.08693642764389
70,"frozenset({'Product_Category_1 = 8', 'Product_Category_1 = 6'})",frozenset({'Product_Category_1 = 1'}),0.6800203700560177,0.9782719402478357,0.671872347648956,0.9880179730404393,1.0099624985565205,0.0066275008262043356,1.8133876534826991
71,"frozenset({'Product_Category_1 = 1', 'Product_Category_1 = 6'})",frozenset({'Product_Category_1 = 8'}),0.6818876251909692,0.9601086402987609,0.671872347648956,0.9853124222056261,1.0262509687435188,0.017186146990303408,2.715993083387757
72,frozenset({'Product_Category_1 = 6'}),"frozenset({'Product_Category_1 = 8', 'Product_Category_1 = 1'})",0.6900356475980309,0.9399083347479206,0.671872347648956,0.9736777367773677,1.0359283993779074,0.023302091198387775,2.2829216752308605
73,"frozenset({'Product_Category_1 = 2', 'Product_Category_1 = 5'})",frozenset({'Product_Category_1 = 8'}),0.7168562213546087,0.9601086402987609,0.6981836700050925,0.9739521667061332,1.0144187082860379,0.009923818030611598,1.5314655638030308
74,"frozenset({'Product_Category_1 = 2', 'Product_Category_1 = 8'})",frozenset({'Product_Category_1 = 5'}),0.7068409438125954,0.9753861823120014,0.6981836700050925,0.9877521613832854,1.0126780338859962,0.008740780317913144,2.009645820643664
75,"frozenset({'Product_Category_1 = 5', 'Product_Category_1 = 8'})",frozenset({'Product_Category_1 = 2'}),0.9392293328806655,0.7270412493634357,0.6981836700050925,0.7433580336164829,1.0224427214650247,0.015325202388747239,1.0635780051212043
76,frozenset({'Product_Category_1 = 2'}),"frozenset({'Product_Category_1 = 5', 'Product_Category_1 = 8'})",0.7270412493634357,0.9392293328806655,0.6981836700050925,0.9603081951902872,1.0224427214650247,0.015325202388747239,1.5310633368947648
77,frozenset({'Product_Category_1 = 5'}),"frozenset({'Product_Category_1 = 2', 'Product_Category_1 = 8'})",0.9753861823120014,0.7068409438125954,0.6981836700050925,0.715802297250261,1.0126780338859962,0.008740780317913144,1.031532110748822
78,frozenset({'Product_Category_1 = 8'}),"frozenset({'Product_Category_1 = 2', 'Product_Category_1 = 5'})",0.9601086402987609,0.7168562213546087,0.6981836700050925,0.7271923620933521,1.0144187082860379,0.009923818030611598,1.0378880181583492
79,"frozenset({'Product_Category_1 = 5', 'Product_Category_1 = 3'})",frozenset({'Product_Category_1 = 8'}),0.6426752673569852,0.9601086402987609,0.6236632150738415,0.9704173269941891,1.0107370002338698,0.006625137978083839,1.3484704270436743
80,"frozenset({'Product_Category_1 = 8', 'Product_Category_1 = 3'})",frozenset({'Product_Category_1 = 5'}),0.6275674758105585,0.9753861823120014,0.6236632150738415,0.9937787395185286,1.0188566923953448,0.01154257069980158,3.9564036518491976
81,frozenset({'Product_Category_1 = 3'}),"frozenset({'Product_Category_1 = 5', 'Product_Category_1 = 8'})",0.6472585299609573,0.9392293328806655,0.6236632150738415,0.963545764489903,1.0258897702168839,0.015739017777291253,1.6670399548634753
82,"frozenset({'Product_Category_1 = 5', 'Product_Category_1 = 8'})",frozenset({'Product_Category_1 = 6'}),0.9392293328806655,0.6900356475980309,0.6705143439144458,0.7138984276161214,1.034581952542822,0.02241262295706925,1.0834066720404893
83,"frozenset({'Product_Category_1 = 5', 'Product_Category_1 = 6'})",frozenset({'Product_Category_1 = 8'}),0.6798506195892039,0.9601086402987609,0.6705143439144458,0.9862671660424469,1.0272453810389064,0.017783889934385066,2.9048162836993154
84,"frozenset({'Product_Category_1 = 8', 'Product_Category_1 = 6'})",frozenset({'Product_Category_1 = 5'}),0.6800203700560177,0.9753861823120014,0.6705143439144458,0.9860209685471791,1.0109031544920697,0.007231871271112245,1.760767029609319
85,frozenset({'Product_Category_1 = 6'}),"frozenset({'Product_Category_1 = 5', 'Product_Category_1 = 8'})",0.6900356475980309,0.9392293328806655,0.6705143439144458,0.9717097170971709,1.034581952542822,0.02241262295706925,2.14811097252256
86,"frozenset({'Product_Category_1 = 5', 'Gender = M', 'Product_Category_1 = 8'})",frozenset({'Product_Category_1 = 1'}),0.6701748429808182,0.9782719402478357,0.6628755729078255,0.9891084093211753,1.0110771541403858,0.007262328959691811,1.9949390674777818
87,"frozenset({'Product_Category_1 = 5', 'Gender = M', 'Product_Category_1 = 1'})",frozenset({'Product_Category_1 = 8'}),0.6890171447971482,0.9601086402987609,0.6628755729078255,0.962059620596206,1.0020320411832124,0.0013442588741011674,1.051422266411232
88,"frozenset({'Product_Category_1 = 5', 'Product_Category_1 = 8', 'Product_Category_1 = 1'})",frozenset({'Gender = M'}),0.9200475301307078,0.7171957222882362,0.6628755729078255,0.720479704797048,1.0045789209371385,0.003021419996224739,1.011748637094231
89,"frozenset({'Gender = M', 'Product_Category_1 = 8', 'Product_Category_1 = 1'})",frozenset({'Product_Category_1 = 5'}),0.6786623663215073,0.9753861823120014,0.6628755729078255,0.9767383691845923,1.0013863092353696,0.0009176783426615431,1.0581294958776208
90,"frozenset({'Product_Category_1 = 5', 'Gender = M'})","frozenset({'Product_Category_1 = 8', 'Product_Category_1 = 1'})",0.6973349176710236,0.9399083347479206,0.6628755729078255,0.9505842259006816,1.0113584386456411,0.007444671678075387,1.2160421717021785
91,"frozenset({'Product_Category_1 = 5', 'Product_Category_1 = 8'})","frozenset({'Gender = M', 'Product_Category_1 = 1'})",0.9392293328806655,0.7083686980139196,0.6628755729078255,0.705765407554672,0.9963249498932597,-0.0024450867613337035,0.9911523303986384
92,"frozenset({'Gender = M', 'Product_Category_1 = 8'})","frozenset({'Product_Category_1 = 5', 'Product_Category_1 = 1'})",0.6864708877949415,0.9546766253607197,0.6628755729078255,0.9656280909990108,1.011471387637833,0.00751786233937346,1.31861674130395
93,"frozenset({'Gender = M', 'Product_Category_1 = 1'})","frozenset({'Product_Category_1 = 5', 'Product_Category_1 = 8'})",0.7083686980139196,0.9392293328806655,0.6628755729078255,0.9357776180206087,0.9963249498932596,-0.0024450867613337035,0.9462537085409812
94,"frozenset({'Product_Category_1 = 8', 'Product_Category_1 = 1'})","frozenset({'Product_Category_1 = 5', 'Gender = M'})",0.9399083347479206,0.6973349176710236,0.6628755729078255,0.7052555535488532,1.0113584386456411,0.007444671678075387,1.026872892681092
95,frozenset({'Gender = M'}),"frozenset({'Product_Category_1 = 5', 'Product_Category_1 = 8', 'Product_Category_1 = 1'})",0.7171957222882362,0.9200475301307078,0.6628755729078255,0.9242603550295859,1.0045789209371385,0.003021419996224739,1.055622453743
96,"frozenset({'Product_Category_1 = 2', 'Product_Category_1 = 5', 'Product_Category_1 = 8'})",frozenset({'Product_Category_1 = 1'}),0.6981836700050925,0.9782719402478357,0.6915634017993549,0.9905178701677607,1.0125179200344054,0.008549908294118391,2.2914746092474707
97,"frozenset({'Product_Category_1 = 2', 'Product_Category_1 = 5', 'Product_Category_1 = 1'})",frozenset({'Product_Category_1 = 8'}),0.709556951281616,0.9601086402987609,0.6915634017993549,0.9746411483253589,1.0151363162632052,0.010311642089828488,1.5730743731243366
98,"frozenset({'Product_Category_1 = 2', 'Product_Category_1 = 8', 'Product_Category_1 = 1'})",frozenset({'Product_Category_1 = 5'}),0.6998811746732303,0.9753861823120014,0.6915634017993549,0.9881154499151105,1.0130504899843222,0.008908974762793842,2.071076945461619
99,"frozenset({'Product_Category_1 = 5', 'Product_Category_1 = 8', 'Product_Category_1 = 1'})",frozenset({'Product_Category_1 = 2'}),0.9200475301307078,0.7270412493634357,0.6915634017993549,0.7516605166051661,1.0338622702127092,0.02265089601938186,1.099135533766849
100,"frozenset({'Product_Category_1 = 2', 'Product_Category_1 = 5'})","frozenset({'Product_Category_1 = 8', 'Product_Category_1 = 1'})",0.7168562213546087,0.9399083347479206,0.6915634017993549,0.9647170258110348,1.0263947984563493,0.0177842645322579,1.70313491516464
101,"frozenset({'Product_Category_1 = 2', 'Product_Category_1 = 8'})","frozenset({'Product_Category_1 = 5', 'Product_Category_1 = 1'})",0.7068409438125954,0.9546766253607197,0.6915634017993549,0.9783861671469741,1.0248351548120243,0.016758874893560205,2.09696146664404
102,"frozenset({'Product_Category_1 = 2', 'Product_Category_1 = 1'})","frozenset({'Product_Category_1 = 5', 'Product_Category_1 = 8'})",0.7194024783568155,0.9392293328806655,0.6915634017993549,0.9613025011798018,1.0235013617296607,0.015879491979585714,1.5704029710471925
103,"frozenset({'Product_Category_1 = 5', 'Product_Category_1 = 8'})","frozenset({'Product_Category_1 = 2', 'Product_Category_1 = 1'})",0.9392293328806655,0.7194024783568155,0.6915634017993549,0.7363094162298933,1.0235013617296607,0.015879491979585714,1.0641165779655515
104,"frozenset({'Product_Category_1 = 5', 'Product_Category_1 = 1'})","frozenset({'Product_Category_1 = 2', 'Product_Category_1 = 8'})",0.9546766253607197,0.7068409438125954,0.6915634017993549,0.7243954480796586,1.0248351548120243,0.016758874893560205,1.0636945367728796
105,"frozenset({'Product_Category_1 = 8', 'Product_Category_1 = 1'})","frozenset({'Product_Category_1 = 2', 'Product_Category_1 = 5'})",0.9399083347479206,0.7168562213546087,0.6915634017993549,0.7357774968394437,1.0263947984563493,0.0177842645322579,1.0716111431028923
106,frozenset({'Product_Category_1 = 2'}),"frozenset({'Product_Category_1 = 5', 'Product_Category_1 = 8', 'Product_Category_1 = 1'})",0.7270412493634357,0.9200475301307078,0.6915634017993549,0.9512024282045296,1.0338622702127092,0.02265089601938186,1.638451810766406
107,frozenset({'Product_Category_1 = 5'}),"frozenset({'Product_Category_1 = 2', 'Product_Category_1 = 8', 'Product_Category_1 = 1'})",0.9753861823120014,0.6998811746732303,0.6915634017993549,0.709014966933519,1.0130504899843222,0.008908974762793842,1.0313892167031211
108,frozenset({'Product_Category_1 = 8'}),"frozenset({'Product_Category_1 = 2', 'Product_Category_1 = 5', 'Product_Category_1 = 1'})",0.9601086402987609,0.709556951281616,0.6915634017993549,0.7202970297029703,1.0151363162632052,0.010311642089828488,1.038398156479886
109,frozenset({'Product_Category_1 = 1'}),"frozenset({'Product_Category_1 = 2', 'Product_Category_1 = 5', 'Product_Category_1 = 8'})",0.9782719402478357,0.6981836700050925,0.6915634017993549,0.706923477355544,1.0125179200344054,0.008549908294118391,1.0298209057197463
110,"frozenset({'Product_Category_1 = 5', 'Product_Category_1 = 8', 'Product_Category_1 = 3'})",frozenset({'Product_Category_1 = 1'}),0.6236632150738415,0.9782719402478357,0.6155151926667798,0.9869352204681545,1.0088556973412977,0.0054029691952895975,1.663101906863565
111,"frozenset({'Product_Category_1 = 5', 'Product_Category_1 = 1', 'Product_Category_1 = 3'})",frozenset({'Product_Category_1 = 8'}),0.6336784926158547,0.9601086402987609,0.6155151926667798,0.9713367264934367,1.011694599676951,0.007114996734803092,1.3917237921936887
112,"frozenset({'Product_Category_1 = 8', 'Product_Category_1 = 1', 'Product_Category_1 = 3'})",frozenset({'Product_Category_1 = 5'}),0.6190799524698692,0.9753861823120014,0.6155151926667798,0.9942418426103646,1.0193314818687187,0.011673161281298805,4.274599671815728
113,"frozenset({'Product_Category_1 = 5', 'Product_Category_1 = 3'})","frozenset({'Product_Category_1 = 8', 'Product_Category_1 = 1'})",0.6426752673569852,0.9399083347479206,0.6155151926667798,0.9577390385631273,1.0189706837954458,0.011459352341601226,1.4219190290273276
114,"frozenset({'Product_Category_1 = 8', 'Product_Category_1 = 3'})","frozenset({'Product_Category_1 = 5', 'Product_Category_1 = 1'})",0.6275674758105585,0.9546766253607197,0.6155151926667798,0.9807952393832836,1.027358598009766,0.01639119267381073,2.360007268188986
115,"frozenset({'Product_Category_1 = 1', 'Product_Category_1 = 3'})","frozenset({'Product_Category_1 = 5', 'Product_Category_1 = 8'})",0.6379222542861993,0.9392293328806655,0.6155151926667798,0.9648749334752527,1.027304940014949,0.016359899343822537,1.7301224775337753
116,frozenset({'Product_Category_1 = 3'}),"frozenset({'Product_Category_1 = 5', 'Product_Category_1 = 8', 'Product_Category_1 = 1'})",0.6472585299609573,0.9200475301307078,0.6155151926667798,0.9509572515079989,1.0335957875707789,0.020006580820168263,1.630260789366903
117,"frozenset({'Product_Category_1 = 5', 'Product_Category_1 = 8', 'Product_Category_1 = 1'})",frozenset({'Product_Category_1 = 6'}),0.9200475301307078,0.6900356475980309,0.6632150738414531,0.7208487084870849,1.0446543030005946,0.028349480566741248,1.110381222748627
118,"frozenset({'Product_Category_1 = 5', 'Product_Category_1 = 8', 'Product_Category_1 = 6'})",frozenset({'Product_Category_1 = 1'}),0.6705143439144458,0.9782719402478357,0.6632150738414531,0.9891139240506329,1.0110827913555922,0.007269705656263614,1.9959496749081171
119,"frozenset({'Product_Category_1 = 5', 'Product_Category_1 = 1', 'Product_Category_1 = 6'})",frozenset({'Product_Category_1 = 8'}),0.6725513495162112,0.9601086402987609,0.6632150738414531,0.986118122160525,1.0270901445628806,0.017492712126346843,2.8736284933874408
120,"frozenset({'Product_Category_1 = 8', 'Product_Category_1 = 1', 'Product_Category_1 = 6'})",frozenset({'Product_Category_1 = 5'}),0.671872347648956,0.9753861823120014,0.6632150738414531,0.9871147043961598,1.0120244907061917,0.00788006966713617,1.9102253021392042
121,"frozenset({'Product_Category_1 = 5', 'Product_Category_1 = 8'})","frozenset({'Product_Category_1 = 1', 'Product_Category_1 = 6'})",0.9392293328806655,0.6818876251909692,0.6632150738414531,0.7061268751129586,1.0355472793852225,0.022766214533757823,1.0824820232585284
122,"frozenset({'Product_Category_1 = 5', 'Product_Category_1 = 6'})","frozenset({'Product_Category_1 = 8', 'Product_Category_1 = 1'})",0.6798506195892039,0.9399083347479206,0.6632150738414531,0.9755305867665418,1.037899708622304,0.02421781010602242,2.4557869319854895
123,"frozenset({'Product_Category_1 = 8', 'Product_Category_1 = 1'})","frozenset({'Product_Category_1 = 5', 'Product_Category_1 = 6'})",0.9399083347479206,0.6798506195892039,0.6632150738414531,0.7056167599783276,1.037899708622304,0.02421781010602242,1.0875258400825631
124,"frozenset({'Product_Category_1 = 8', 'Product_Category_1 = 6'})","frozenset({'Product_Category_1 = 5', 'Product_Category_1 = 1'})",0.6800203700560177,0.9546766253607197,0.6632150738414531,0.9752870693959061,1.0215889270645953,0.014015521779826234,1.8339943313632001
125,"frozenset({'Product_Category_1 = 1', 'Product_Category_1 = 6'})","frozenset({'Product_Category_1 = 5', 'Product_Category_1 = 8'})",0.6818876251909692,0.9392293328806655,0.6632150738414531,0.9726163803833707,1.0355472793852225,0.022766214533757823,2.2192342710760666
126,frozenset({'Product_Category_1 = 6'}),"frozenset({'Product_Category_1 = 5', 'Product_Category_1 = 8', 'Product_Category_1 = 1'})",0.6900356475980309,0.9200475301307078,0.6632150738414531,0.9611316113161131,1.0446543030005946,0.028349480566741248,2.05700500011818
